operations,operation type,prepare,apply,baseline,memory,payload,baseline memory
1,INSERT,981829,1474851,1928514,6656,82,419
2,REMOVE,206145,325583,308715,6587,79,411
3,MOVE,143573,405731,268864,6637,93,411
4,INSERT,155414,240509,108785,6756,82,418
5,REMOVE,149770,129818,102579,6687,79,410
6,MOVE,135263,163885,176631,6752,95,410
7,INSERT,138179,215054,99756,6871,82,417
8,REMOVE,134837,110160,95727,6802,79,409
9,MOVE,128932,200274,192349,6853,95,409
10,INSERT,128496,212558,96022,6972,82,416
11,REMOVE,191898,128619,112277,6903,79,408
12,MOVE,130974,336278,207121,6953,93,408
13,INSERT,151601,259992,109784,7072,82,415
14,REMOVE,151041,123215,99280,7003,79,407
15,MOVE,141462,218717,184846,7054,95,407
16,INSERT,138029,230149,104302,7173,82,414
17,REMOVE,143694,125842,93917,7104,79,406
18,MOVE,127906,202431,169745,7155,95,406
19,INSERT,129361,269598,105412,7274,82,413
20,REMOVE,135439,121251,98972,7205,79,405
21,MOVE,291439,414053,225248,7255,93,405
22,INSERT,101314,380945,154082,7374,82,412
23,REMOVE,98028,119223,960109,7305,79,404
24,MOVE,98090,233249,176372,7356,95,404
25,INSERT,89868,307036,108571,7475,82,411
26,REMOVE,98064,155756,101267,7406,79,403
27,MOVE,86117,172274,170486,7471,95,403
28,INSERT,89942,225113,109053,7589,81,410
29,REMOVE,100311,126531,178665,7520,79,402
30,MOVE,112152,217416,183063,7580,95,402
31,INSERT,107154,237966,102062,7699,82,409
32,REMOVE,96125,272055,798479,7630,78,401
33,MOVE,149096,240915,179149,7681,95,401
34,INSERT,96216,163704,97283,7809,82,408
35,REMOVE,105096,120599,93710,7740,79,400
36,MOVE,89145,169446,164618,7800,95,400
37,INSERT,247960,247131,120722,7928,82,407
38,REMOVE,162887,250454,90079,7860,79,399
39,MOVE,97841,242461,136373,7911,94,399
40,INSERT,136518,269285,87241,8030,82,406
41,REMOVE,136878,140611,86493,7962,79,399
42,MOVE,146540,297126,171303,8022,95,399
43,INSERT,147299,307957,6718485,8140,81,406
44,REMOVE,194801,216434,126373,8071,79,398
45,MOVE,420594,366091,210092,8121,93,398
46,INSERT,119836,250477,111968,8249,82,405
47,REMOVE,133308,165160,103583,8181,79,397
48,MOVE,107672,294764,202003,8245,94,397
49,INSERT,75620,243126,125831,8378,90,404
50,REMOVE,75197,99280,65544,8310,80,397
51,MOVE,68126,186868,110774,8363,96,397
52,INSERT,67008,133340,66023,8498,83,404
53,REMOVE,80701,140412,72728,8433,79,397
54,MOVE,68086,183066,661186,8485,93,397
55,INSERT,101753,252063,84522,8611,83,404
56,REMOVE,73815,96908,66383,8542,80,396
57,MOVE,67682,193535,112221,8595,96,396
58,INSERT,149095,375081,91063,8721,83,403
59,REMOVE,89817,128651,73468,8652,80,395
60,MOVE,71021,171063,101734,8714,96,395
61,INSERT,86201,138034,61459,8849,83,402
62,REMOVE,83390,92756,72721,8781,80,394
63,MOVE,78195,211536,98554,8841,102,394
64,INSERT,70747,190814,64438,8966,82,401
65,REMOVE,72492,207208,76766,8893,81,394
66,MOVE,72221,158160,100679,8955,96,394
67,INSERT,86917,136559,57966,9090,83,401
68,REMOVE,96648,100106,63176,9022,80,394
69,MOVE,70094,190570,101883,9074,96,394
70,INSERT,80748,138084,60879,9211,84,401
71,REMOVE,94938,340259,71054,9142,80,393
72,MOVE,74437,86976,100480,9222,97,393
73,INSERT,88479,139125,69423,9359,84,400
74,REMOVE,116053,80541,64967,9290,80,392
75,MOVE,72022,210654,100668,9343,96,392
76,INSERT,77477,196030,64479,9469,83,399
77,REMOVE,76845,77323,62600,9400,80,391
78,MOVE,74632,179519,105430,9476,96,391
79,INSERT,103303,219931,65227,9602,83,398
80,REMOVE,75852,87988,58951,9533,80,391
81,MOVE,236977,167136,266399,9595,97,391
82,INSERT,228574,270981,73343,9720,82,398
83,REMOVE,75260,85295,303196,9652,80,390
84,MOVE,73125,214640,239168,9705,96,390
85,INSERT,77802,191531,62046,9842,84,397
86,REMOVE,93231,84891,56433,9774,80,390
87,MOVE,75191,198201,107921,9841,96,390
88,INSERT,72268,252106,67034,9968,84,397
89,REMOVE,88873,89639,54525,9900,80,390
90,MOVE,68779,220708,82430,9953,96,390
91,INSERT,71805,200135,54280,10079,83,397
92,REMOVE,79437,80405,65859,10010,80,389
93,MOVE,71360,93588,60090,10090,98,389
94,INSERT,88112,210828,55480,10217,84,396
95,REMOVE,72331,78094,50165,10144,81,388
96,MOVE,74021,150867,82006,10206,96,388
97,INSERT,245358,217559,108714,10333,84,395
98,REMOVE,143720,180694,76820,10260,80,387
99,MOVE,70941,252978,170655,10324,98,387
100,INSERT,178367,337208,71610,10450,83,394
101,REMOVE,26412,90783,65100,10380,80,386
102,MOVE,81841,230679,94241,10433,96,386
103,INSERT,65604,142329,53110,10568,83,393
104,REMOVE,84451,89933,53813,10499,80,385
105,MOVE,63563,191350,87410,10551,95,385
106,INSERT,2726019,548699,135193,10677,83,392
107,REMOVE,139483,156112,101645,10604,81,385
108,MOVE,120715,174345,131490,10684,98,385
109,INSERT,147830,154640,56258,10819,83,392
110,REMOVE,88716,83764,52873,10746,81,385
111,MOVE,66645,182911,92123,10813,96,385
112,INSERT,83493,214870,790170,10939,83,392
113,REMOVE,94752,105525,68844,10871,80,385
114,MOVE,73911,201815,175184,10940,97,385
115,INSERT,125030,223720,259424,11075,83,392
116,REMOVE,120672,141468,67266,11006,80,385
117,MOVE,73152,247289,98710,11060,97,385
118,INSERT,96020,236945,65363,11185,82,392
119,REMOVE,75265,153773,22834,11115,79,385
120,MOVE,71035,174712,66556,11179,97,385
121,INSERT,168205,351660,76215,11305,83,392
122,REMOVE,80112,91412,55936,11237,79,384
123,MOVE,71144,321232,89032,11289,95,384
124,INSERT,70513,361817,65585,11415,83,391
125,REMOVE,76166,86623,47928,11342,81,384
126,MOVE,66120,201569,708602,11395,95,384
127,INSERT,114241,361179,68733,11520,82,391
128,REMOVE,81047,114900,52870,11451,80,383
129,MOVE,69134,186510,80221,11515,98,383
130,INSERT,113481,218459,55842,11640,82,390
131,REMOVE,73823,81621,68878,11567,81,383
132,MOVE,97483,184756,78562,11643,103,383
133,INSERT,216770,248012,78463,11778,83,390
134,REMOVE,114680,87461,54180,11705,80,383
135,MOVE,68560,239003,79295,11758,95,383
136,INSERT,71001,212036,49382,11884,83,390
137,REMOVE,76468,82428,49360,11811,81,383
138,MOVE,69987,98723,77938,11891,98,383
139,INSERT,99672,149903,60680,12028,84,390
140,REMOVE,171373,237160,112529,11962,79,383
141,MOVE,150483,337428,128943,12026,96,383
142,INSERT,130110,330594,58394,12153,84,390
143,REMOVE,82232,86508,49366,12080,81,383
144,MOVE,72985,96459,70485,12160,98,383
145,INSERT,109938,221436,50604,12287,84,390
146,REMOVE,77036,78938,66659,12218,80,383
147,MOVE,134701,335904,95858,12282,98,383
148,INSERT,111567,161877,45325,12419,84,390
149,REMOVE,104776,84425,45932,12346,81,382
150,MOVE,82317,224275,56018,12399,97,382
151,INSERT,76441,151291,45701,12536,84,389
152,REMOVE,108578,81758,49060,12463,81,382
153,MOVE,76209,341545,102371,12527,98,382
154,INSERT,226733,285099,108865,12653,83,389
155,REMOVE,102166,108911,58802,12580,81,382
156,MOVE,85056,192705,79619,12644,96,382
157,INSERT,113018,229110,57418,12770,83,389
158,REMOVE,83163,88645,46803,12700,80,381
159,MOVE,80583,224575,79264,12764,98,381
160,INSERT,108710,211830,49257,12890,83,388
161,REMOVE,89272,79974,53735,12817,80,381
162,MOVE,73979,160476,74635,12885,96,381
163,INSERT,76138,151903,44527,13022,84,388
164,REMOVE,110721,81469,47674,12949,81,381
165,MOVE,76470,155228,69476,13016,96,381
166,INSERT,146033,242035,55860,13142,83,388
167,REMOVE,82202,82438,45569,13069,81,381
168,MOVE,77492,200115,87222,13123,98,381
169,INSERT,106906,251510,66387,13260,84,388
170,REMOVE,169065,107405,55927,13187,81,381
171,MOVE,148440,259879,90606,13240,97,381
172,INSERT,109666,186527,54182,13377,84,388
173,REMOVE,136667,184194,27933,13313,78,380
174,MOVE,112873,274706,99470,13377,96,380
175,INSERT,150144,198256,58888,13514,84,387
176,REMOVE,146542,105307,65039,13441,80,379
177,MOVE,131483,227520,106176,13505,98,379
178,INSERT,158366,193552,100076,13642,84,386
179,REMOVE,191310,126667,77442,13569,81,378
180,MOVE,125581,231109,90467,13633,98,378
181,INSERT,149872,183458,52073,13770,84,385
182,REMOVE,142255,129662,55858,13701,80,378
183,MOVE,110776,241495,114680,13754,97,378
184,INSERT,113103,182920,55501,13891,84,385
185,REMOVE,142369,100758,54061,13818,81,377
186,MOVE,110664,248816,137717,13882,98,377
187,INSERT,188024,391310,72192,14009,84,384
188,REMOVE,136640,121806,60736,13936,81,376
189,MOVE,146134,236101,100901,14006,98,376
190,INSERT,127692,220451,61954,14143,84,383
191,REMOVE,165603,160690,61846,14077,78,376
192,MOVE,232437,324647,174622,14147,97,376
193,INSERT,255375,524406,118917,14273,83,383
194,REMOVE,155166,177308,78051,14207,79,376
195,MOVE,122635,401127,113530,14261,97,376
196,INSERT,126338,203787,59736,14398,84,383
197,REMOVE,152977,106756,98726,14325,81,376
198,MOVE,341091,448156,114095,14389,98,376
199,INSERT,185820,293472,66827,14516,84,383
200,REMOVE,134647,111671,59157,14443,80,376
201,MOVE,23481,224050,166046,14513,98,376
202,INSERT,199239,333790,92276,14650,84,383
203,REMOVE,236339,216827,92353,14581,80,375
204,MOVE,177007,395095,105700,14634,97,375
205,INSERT,144194,296756,59987,14760,83,382
206,REMOVE,142281,111699,77114,14687,81,374
207,MOVE,118229,250715,96939,14740,95,374
208,INSERT,120522,209320,58138,14877,84,381
209,REMOVE,161035,170783,136882,14808,80,373
210,MOVE,215910,365030,118994,14872,98,373
211,INSERT,233674,261184,79536,15009,84,380
212,REMOVE,175344,181325,79867,14936,81,373
213,MOVE,129542,244133,93582,15000,98,373
214,INSERT,163199,234428,68200,15137,84,380
215,REMOVE,171216,108396,56386,15064,81,373
216,MOVE,121119,266903,90799,15118,97,373
217,INSERT,121659,260228,66234,15245,84,380
218,REMOVE,132917,114344,57214,15172,81,372
219,MOVE,121775,289469,125668,15232,103,372
220,INSERT,200109,225333,73405,15369,84,379
221,REMOVE,172226,111963,55903,15296,80,372
222,MOVE,121265,243603,88250,15359,97,372
223,INSERT,159552,298463,82378,15485,83,379
224,REMOVE,163038,139873,58218,15416,80,371
225,MOVE,153939,226258,85780,15486,97,371
226,INSERT,156828,2714928,79698,15613,84,378
227,REMOVE,108062,106466,56908,15544,80,370
228,MOVE,88857,203207,75388,15608,98,370
229,INSERT,134642,230220,53299,15735,84,377
230,REMOVE,91972,81416,48058,15662,80,370
231,MOVE,87969,210457,70871,15716,98,370
232,INSERT,89946,166303,47753,15853,84,377
233,REMOVE,131041,109647,79620,15783,80,369
234,MOVE,108631,278611,93544,15837,98,369
235,INSERT,192288,283777,61475,15964,84,376
236,REMOVE,99687,91567,46775,15891,80,369
237,MOVE,90398,110792,70756,15971,98,369
238,INSERT,140098,283307,60639,16098,84,376
239,REMOVE,99216,135671,71641,16029,80,369
240,MOVE,127132,121842,77670,16109,98,369
241,INSERT,135291,163033,52173,16246,84,376
242,REMOVE,128225,122883,50811,16177,80,369
243,MOVE,101724,113987,110187,16257,98,369
244,INSERT,211526,291606,80287,16394,84,376
245,REMOVE,151125,95704,47699,16321,80,369
246,MOVE,94335,259004,76505,16375,98,369
247,INSERT,98392,227998,46636,16502,84,376
248,REMOVE,96850,82753,47708,16429,80,369
249,MOVE,93316,208780,71378,16483,98,369
250,INSERT,95337,171062,44664,16620,84,376
251,REMOVE,137284,86282,50982,16547,81,369
252,MOVE,156141,232969,82803,16610,97,369
253,INSERT,22906,286734,50379,16743,90,376
254,REMOVE,156340,119964,50922,16674,80,369
255,MOVE,124116,341881,96732,16727,97,369
256,INSERT,113043,255200,51170,16853,83,376
257,REMOVE,108255,96085,47886,16780,81,369
258,MOVE,102791,226968,83872,16833,97,369
259,INSERT,98139,233072,47160,16960,84,376
260,REMOVE,100197,83287,44462,16887,81,369
261,MOVE,108132,214465,74287,16941,98,369
262,INSERT,98984,222017,46520,17068,84,376
263,REMOVE,100682,133073,45956,16999,80,369
264,MOVE,96837,170937,72323,17069,98,369
265,INSERT,98066,166014,44652,17206,84,376
266,REMOVE,288328,142511,70065,17133,81,368
267,MOVE,109346,259664,89066,17187,98,368
268,INSERT,104758,243653,50818,17314,84,375
269,REMOVE,114440,86893,48754,17241,81,368
270,MOVE,97836,118536,72462,17321,97,368
271,INSERT,150511,234582,54035,17448,84,375
272,REMOVE,101094,87467,45225,17375,81,368
273,MOVE,140434,364204,156284,17429,98,368
274,INSERT,151603,336466,62255,17556,84,375
275,REMOVE,141826,104758,54426,17483,81,368
276,MOVE,227764,238278,97878,17547,98,368
277,INSERT,189705,271630,58072,17674,84,375
278,REMOVE,147635,125687,54806,17601,81,368
279,MOVE,129438,147008,79108,17681,98,368
280,INSERT,213019,203673,54195,17818,84,375
281,REMOVE,180596,100038,55579,17745,81,368
282,MOVE,134895,216641,89087,17809,97,368
283,INSERT,183654,205264,72804,17946,84,375
284,REMOVE,202935,112081,58265,17873,81,368
285,MOVE,140934,377262,123225,17943,98,368
286,INSERT,219609,276439,131582,18080,84,375
287,REMOVE,318971,175732,102672,18007,80,367
288,MOVE,221173,484711,152562,18061,97,367
289,INSERT,301752,385497,117805,18198,84,374
290,REMOVE,317230,188442,140896,18125,81,367
291,MOVE,249747,457360,159523,18179,97,367
292,INSERT,225876,521981,117788,18306,84,374
293,REMOVE,254500,186697,101848,18233,81,367
294,MOVE,240648,503155,109622,18287,98,367
295,INSERT,150207,217938,52797,18424,84,374
296,REMOVE,352929,165805,80170,18351,81,366
297,MOVE,159350,319370,95485,18405,98,366
298,INSERT,149874,243202,54061,18542,84,373
299,REMOVE,190517,103153,55793,18469,80,366
300,MOVE,138757,212076,89764,18533,98,366
301,INSERT,13853,269425,61801,18660,84,373
302,REMOVE,152680,101457,66735,18587,81,366
303,MOVE,150930,282490,99698,18641,98,366
304,INSERT,150322,411586,70730,18768,84,373
305,REMOVE,188717,114888,66116,18695,81,366
306,MOVE,145694,352679,99317,18749,97,366
307,INSERT,147192,274120,58590,18876,84,373
308,REMOVE,145179,99980,58048,18803,81,366
309,MOVE,146623,258296,91575,18857,97,366
310,INSERT,158501,271730,59129,18984,84,373
311,REMOVE,144004,106399,160735,18911,80,366
312,MOVE,150289,365848,130969,18965,97,366
313,INSERT,293538,437528,82126,19092,84,373
314,REMOVE,171398,130383,69131,19019,81,366
315,MOVE,198345,264781,101614,19083,97,366
316,INSERT,225404,341086,75647,19210,84,373
317,REMOVE,198769,369996,119965,19140,80,366
318,MOVE,260276,507376,167328,19204,98,366
319,INSERT,349351,512557,4094894,19331,84,373
320,REMOVE,264989,236881,131514,19265,79,366
321,MOVE,150697,274775,95601,19335,98,366
322,INSERT,123763,272335,56087,19462,84,373
323,REMOVE,126608,165518,54532,19392,80,366
324,MOVE,120208,215369,81563,19456,98,366
325,INSERT,174806,275502,55093,19583,84,373
326,REMOVE,136188,95850,53777,19510,80,366
327,MOVE,121650,156336,78288,19590,98,366
328,INSERT,97693,472710,92626,19717,84,373
329,REMOVE,111781,152733,54593,19644,81,366
330,MOVE,92730,343562,83941,19698,98,366
331,INSERT,94781,317061,53436,19825,84,373
332,REMOVE,92491,93135,53016,19752,81,366
333,MOVE,91265,300812,84278,19806,97,366
334,INSERT,123761,255615,52584,19943,84,373
335,REMOVE,92795,93890,48396,19870,81,366
336,MOVE,91955,305100,116927,19924,98,366
337,INSERT,104954,266201,61758,20061,84,373
338,REMOVE,138457,111868,65173,19988,81,366
339,MOVE,95439,358260,86411,20042,98,366
340,INSERT,96381,253208,52952,20179,84,373
341,REMOVE,93149,182364,58564,20110,80,366
342,MOVE,95593,207432,80062,20190,98,366
343,INSERT,94637,251327,56046,20327,84,373
344,REMOVE,93947,94041,51636,20254,81,366
345,MOVE,93466,332550,82559,20308,98,366
346,INSERT,96275,326053,53497,20435,84,373
347,REMOVE,94803,164674,64697,20362,81,366
348,MOVE,101674,340237,85020,20415,97,366
349,INSERT,107865,328115,55825,20542,84,373
350,REMOVE,95435,154148,54127,20473,80,366
351,MOVE,95556,361074,100300,20527,98,366
352,INSERT,108257,278061,52850,20664,84,373
353,REMOVE,143990,177154,85598,20591,81,366
354,MOVE,159588,324167,94681,20655,98,366
355,INSERT,108167,433562,84922,20782,84,373
356,REMOVE,150445,119033,71640,20709,81,366
357,MOVE,247602,351080,89287,20763,97,366
358,INSERT,102636,347524,65770,20900,84,373
359,REMOVE,103481,100253,20400,20827,80,366
360,MOVE,103467,342196,1235730,20881,98,366
361,INSERT,123032,401968,128727,21008,84,373
362,REMOVE,212667,198735,74958,20935,81,366
363,MOVE,112093,366920,304032,20989,98,366
364,INSERT,155941,572906,88578,21116,84,373
365,REMOVE,122301,109576,63170,21043,81,366
366,MOVE,182984,589673,192823,21097,98,366
367,INSERT,238640,581641,77762,21224,84,373
368,REMOVE,193469,362640,55334,21158,79,366
369,MOVE,271113,381658,110767,21222,98,366
370,INSERT,173812,385313,63941,21359,84,373
371,REMOVE,196483,222448,112094,21286,81,366
372,MOVE,177181,435705,145530,21339,97,366
373,INSERT,170298,345698,72387,21476,84,373
374,REMOVE,231589,176242,157681,21403,81,366
375,MOVE,217757,430621,95655,21473,98,366
376,INSERT,213930,493289,59157,21599,83,373
377,REMOVE,315104,118114,60466,21526,80,366
378,MOVE,208831,405371,86754,21590,98,366
379,INSERT,248801,547235,82324,21717,84,373
380,REMOVE,352532,185973,64829,21644,81,366
381,MOVE,195081,445822,82642,21698,98,366
382,INSERT,200198,409443,50933,21825,84,373
383,REMOVE,233744,103904,81955,21752,81,366
384,MOVE,202426,409277,81958,21816,97,366
385,INSERT,617345,793116,87596,21943,84,373
386,REMOVE,316871,115951,55650,21870,81,366
387,MOVE,196705,387565,79615,21940,97,366
388,INSERT,207878,396113,51882,22077,84,373
389,REMOVE,302426,109092,51079,22004,81,366
390,MOVE,231543,719284,102669,22058,97,366
391,INSERT,284379,372763,52682,22195,84,373
392,REMOVE,224187,109680,47982,22122,81,366
393,MOVE,117663,404380,79817,22176,98,366
394,INSERT,124242,368648,46044,22313,84,373
395,REMOVE,227810,105238,56824,22240,81,366
396,MOVE,137113,433046,107656,22294,98,366
397,INSERT,225802,454803,66302,22421,84,373
398,REMOVE,220084,111321,51838,22348,81,366
399,MOVE,166729,236726,71817,22428,98,366
400,INSERT,2639347,812683,87402,22565,84,373
401,REMOVE,20517,108071,54458,22492,80,366
402,MOVE,116868,382793,89571,22556,98,366
403,INSERT,239413,343921,144273,22693,84,373
404,REMOVE,136558,100540,48782,22620,81,366
405,MOVE,188002,269776,81539,22700,98,366
406,INSERT,121152,340964,65497,22837,84,373
407,REMOVE,229679,139582,51990,22764,81,366
408,MOVE,251582,350242,130357,22834,98,366
409,INSERT,210075,398038,49086,22961,84,373
410,REMOVE,236531,104288,49709,22888,81,366
411,MOVE,186260,318313,66926,22968,98,366
412,INSERT,191843,359731,54937,23105,84,373
413,REMOVE,398331,205565,86556,23032,81,365
414,MOVE,259002,477128,109491,23096,97,365
415,INSERT,260707,478543,63533,23223,84,372
416,REMOVE,230796,198820,53113,23153,80,364
417,MOVE,178171,515858,91722,23207,98,364
418,INSERT,242066,498663,75650,23334,84,371
419,REMOVE,338091,144208,25609,23261,80,364
420,MOVE,182570,392007,96950,23331,98,364
421,INSERT,370002,523804,56520,23458,84,371
422,REMOVE,248741,241434,48458,23385,81,364
423,MOVE,241523,501680,82175,23449,98,364
424,INSERT,557311,650575,67659,23576,84,371
425,REMOVE,254280,393951,172891,23510,79,364
426,MOVE,248106,419933,90493,23564,98,364
427,INSERT,239004,439047,49568,23691,84,371
428,REMOVE,348029,247941,24775,23618,80,364
429,MOVE,457102,494810,282364,23682,97,364
430,INSERT,298997,690055,79070,23809,84,371
431,REMOVE,487862,121770,121989,23736,81,364
432,MOVE,545616,447155,168852,23800,98,364
433,INSERT,282389,509441,76553,23937,84,371
434,REMOVE,4311603,1127511,133808,23864,81,364
435,MOVE,201605,509942,103951,23934,98,364
436,INSERT,119240,312652,104043,24061,84,371
437,REMOVE,102775,117981,47729,23988,80,364
438,MOVE,92991,276684,63092,24042,98,364
439,INSERT,103803,396335,90224,24169,84,371
440,REMOVE,134054,125726,58838,24096,81,364
441,MOVE,105183,257124,53687,24166,98,364
442,INSERT,105724,284889,50815,24292,83,371
443,REMOVE,97636,95243,42774,24219,81,364
444,MOVE,96015,221628,65548,24289,98,364
445,INSERT,96341,273029,79828,24416,84,371
446,REMOVE,108331,138950,57358,24343,81,364
447,MOVE,100387,293000,73344,24397,98,364
448,INSERT,98387,267703,46879,24524,84,371
449,REMOVE,94813,93642,40278,24451,81,364
450,MOVE,93553,260512,66830,24505,97,364
451,INSERT,97243,207262,42380,24642,84,371
452,REMOVE,105005,89853,43361,24569,81,364
453,MOVE,93113,256427,74118,24633,98,364
454,INSERT,100353,210101,44069,24770,84,371
455,REMOVE,94115,90867,27604,24697,80,364
456,MOVE,114687,269645,77825,24767,98,364
457,INSERT,111586,206288,43429,24904,84,371
458,REMOVE,94181,91001,38382,24831,81,364
459,MOVE,104865,272265,64430,24885,98,364
460,INSERT,96854,266717,44000,25012,84,371
461,REMOVE,96964,87573,38133,24939,81,364
462,MOVE,94076,262679,69076,24993,98,364
463,INSERT,99568,280337,46308,25120,84,371
464,REMOVE,96234,89958,42066,25047,81,364
465,MOVE,106744,347715,87424,25111,98,364
466,INSERT,183263,217712,58996,25248,84,371
467,REMOVE,98704,96270,43441,25175,80,364
468,MOVE,96167,282767,64832,25229,98,364
469,INSERT,99409,207656,39743,25366,84,371
470,REMOVE,98043,88428,41360,25293,81,364
471,MOVE,98788,262336,66712,25347,98,364
472,INSERT,216904,234950,62406,25484,84,371
473,REMOVE,114832,125514,28532,25411,80,364
474,MOVE,108684,411837,92339,25465,98,364
475,INSERT,114999,304321,45686,25592,84,371
476,REMOVE,107104,98097,42369,25519,81,364
477,MOVE,105661,284777,64449,25573,98,364
478,INSERT,108955,349121,65210,25700,84,371
479,REMOVE,106616,96019,44310,25627,81,364
480,MOVE,100219,243557,62610,25691,98,364
481,INSERT,100352,212736,42327,25828,84,371
482,REMOVE,97482,88107,41004,25755,80,364
483,MOVE,98707,387055,76494,25809,98,364
484,INSERT,14032,276654,47112,25942,90,371
485,REMOVE,102588,89505,40056,25869,81,364
486,MOVE,107932,158686,61737,25949,98,364
487,INSERT,99836,210861,46162,26086,84,371
488,REMOVE,98145,88142,41106,26013,81,364
489,MOVE,98236,276875,72237,26077,98,364
490,INSERT,110619,234056,44878,26214,84,371
491,REMOVE,107975,160923,42374,26144,80,364
492,MOVE,118279,314184,90575,26198,98,364
493,INSERT,117476,313670,49570,26325,84,371
494,REMOVE,103817,114542,41743,26252,81,364
495,MOVE,104096,232734,68519,26316,97,364
496,INSERT,102239,281257,42814,26443,84,371
497,REMOVE,102626,94881,44313,26370,81,364
498,MOVE,114344,169893,63888,26450,98,364
499,INSERT,104032,221636,39653,26587,84,371
500,REMOVE,116361,91095,43931,26514,81,364
501,MOVE,13165,288548,60514,26574,103,364
502,INSERT,155130,295017,49606,26701,84,371
503,REMOVE,105246,92734,40903,26628,81,364
504,MOVE,127769,233261,67154,26692,98,364
505,INSERT,105973,285437,45700,26819,84,371
506,REMOVE,1712756,106886,66405,26746,81,364
507,MOVE,109241,304123,78138,26800,98,364
508,INSERT,105166,328853,54924,26927,84,371
509,REMOVE,106934,93713,45365,26854,81,364
510,MOVE,101274,244958,65492,26918,98,364
511,INSERT,104835,217122,40010,27055,84,371
512,REMOVE,101886,136699,46082,26982,81,364
513,MOVE,118282,241614,117761,27052,98,364
514,INSERT,209884,551055,144624,27189,84,371
515,REMOVE,173227,121066,112523,27116,80,364
516,MOVE,132087,371512,95046,27180,98,364
517,INSERT,121384,307832,60958,27317,84,371
518,REMOVE,193287,167748,76013,27244,81,364
519,MOVE,133620,423812,164509,27304,103,364
520,INSERT,131004,350153,71900,27431,84,371
521,REMOVE,113523,96824,59004,27358,81,364
522,MOVE,113335,307190,83940,27428,98,364
523,INSERT,117056,469970,71656,27565,84,371
524,REMOVE,201144,131001,69248,27492,81,364
525,MOVE,190923,181497,80825,27572,98,364
526,INSERT,199297,253423,228165,27709,84,371
527,REMOVE,126016,109296,96273,27636,80,364
528,MOVE,124720,188102,118194,27716,98,364
529,INSERT,128216,239629,66027,27853,84,371
530,REMOVE,118648,111374,81396,27780,81,364
531,MOVE,136968,327270,100260,27844,98,364
532,INSERT,124556,425853,74425,27971,84,371
533,REMOVE,208569,113866,63220,27898,81,364
534,MOVE,235953,442531,171492,27952,98,364
535,INSERT,234578,557739,127906,28079,84,371
536,REMOVE,208863,179871,71692,28006,81,364
537,MOVE,180775,364724,171567,28060,98,364
538,INSERT,131340,334553,58057,28187,84,371
539,REMOVE,115098,99083,58434,28114,81,364
540,MOVE,116544,270450,81087,28178,98,364
541,INSERT,118535,417975,58955,28305,84,371
542,REMOVE,119631,142199,56456,28232,80,363
543,MOVE,166572,488398,122412,28286,97,363
544,INSERT,144328,353460,63598,28413,84,370
545,REMOVE,130235,115747,64563,28340,81,363
546,MOVE,127475,318963,80177,28410,98,363
547,INSERT,126435,387514,60062,28537,84,370
548,REMOVE,171500,113007,54718,28464,81,363
549,MOVE,162900,178838,75813,28544,98,363
550,INSERT,210438,250126,80402,28681,84,370
551,REMOVE,143440,194761,60084,28611,80,363
552,MOVE,125011,328957,69425,28664,97,363
553,INSERT,118203,287419,67416,28791,84,370
554,REMOVE,152761,144140,64282,28718,80,363
555,MOVE,124476,377694,72475,28772,98,363
556,INSERT,129200,301174,78790,28909,84,370
557,REMOVE,150041,182072,78972,28843,79,363
558,MOVE,243291,330719,91949,28913,97,363
559,INSERT,156592,234760,49742,29050,84,370
560,REMOVE,113702,102617,40268,28977,81,363
561,MOVE,111630,357530,81054,29031,98,363
562,INSERT,17280,383899,50946,29164,90,370
563,REMOVE,146864,169522,48820,29095,80,363
564,MOVE,126204,272777,71175,29165,98,363
565,INSERT,139842,322208,60374,29292,84,370
566,REMOVE,127527,133234,60235,29219,81,363
567,MOVE,130786,346919,76576,29273,98,363
568,INSERT,123431,597408,69096,29400,84,370
569,REMOVE,120440,100429,60843,29327,81,363
570,MOVE,121730,389907,77867,29381,98,363
571,INSERT,139568,315917,66285,29508,84,370
572,REMOVE,134915,107272,49660,29435,81,363
573,MOVE,200458,304709,95939,29499,98,363
574,INSERT,142743,429371,64555,29626,84,370
575,REMOVE,132589,97099,47788,29553,81,363
576,MOVE,112597,269723,111779,29623,98,363
577,INSERT,146460,343741,89308,29760,84,370
578,REMOVE,173174,152761,71024,29687,81,363
579,MOVE,123884,378260,126655,29741,98,363
580,INSERT,130119,330789,64299,29868,84,370
581,REMOVE,120675,102121,47134,29795,80,363
582,MOVE,123066,266946,119780,29859,97,363
583,INSERT,131412,323247,79868,29986,84,370
584,REMOVE,143228,111651,70622,29913,81,363
585,MOVE,125353,186373,69812,29993,98,363
586,INSERT,113190,331431,61517,30120,84,370
587,REMOVE,118015,98535,66284,30047,81,363
588,MOVE,152358,280785,81760,30111,98,363
589,INSERT,123478,244751,76142,30248,84,370
590,REMOVE,133176,112823,60892,30175,81,363
591,MOVE,122547,309824,73601,30245,98,363
592,INSERT,196301,338457,53327,30372,84,370
593,REMOVE,200892,152933,57723,30299,81,363
594,MOVE,128611,239195,81599,30379,98,363
595,INSERT,144489,363729,56286,30506,84,370
596,REMOVE,113935,93199,56684,30433,81,363
597,MOVE,121731,331637,70920,30487,97,363
598,INSERT,159645,341801,57614,30614,84,370
599,REMOVE,123470,142559,69287,30541,80,363
600,MOVE,173072,310157,86899,30605,98,363
601,INSERT,15799,333798,51164,30732,84,370
602,REMOVE,133737,134099,61636,30659,80,363
603,MOVE,128402,329999,71125,30713,97,363
604,INSERT,118020,296582,62121,30840,84,370
605,REMOVE,159217,100240,97453,30767,81,363
606,MOVE,130492,274499,95411,30831,98,363
607,INSERT,132408,334171,47797,30958,84,370
608,REMOVE,115787,159126,24606,30885,80,363
609,MOVE,131623,337209,88694,30939,98,363
610,INSERT,134439,258495,62063,31076,84,370
611,REMOVE,166292,108930,83808,31003,81,363
612,MOVE,137514,211320,71761,31083,98,363
613,INSERT,125808,348354,51335,31210,84,370
614,REMOVE,124919,159662,66078,31137,81,363
615,MOVE,132576,368791,87770,31207,98,363
616,INSERT,123983,373098,59972,31334,84,370
617,REMOVE,194166,113334,56893,31261,81,363
618,MOVE,119730,323443,66226,31315,97,363
619,INSERT,123369,235141,60423,31452,84,370
620,REMOVE,122799,101864,42953,31379,81,363
621,MOVE,186160,333073,118879,31433,98,363
622,INSERT,152720,305864,581500,31570,84,370
623,REMOVE,232452,119818,61615,31497,81,363
624,MOVE,120563,336637,71503,31551,98,363
625,INSERT,212997,356598,60434,31688,84,370
626,REMOVE,121641,95244,41462,31615,81,363
627,MOVE,117431,317079,63059,31669,97,363
628,INSERT,119134,488196,68761,31796,84,370
629,REMOVE,138826,161201,56148,31723,81,363
630,MOVE,124432,407589,78523,31777,98,363
631,INSERT,225950,377425,70041,31904,84,370
632,REMOVE,135217,106848,53919,31831,81,363
633,MOVE,150745,285113,84455,31895,98,363
634,INSERT,156573,255298,44285,32032,84,370
635,REMOVE,120372,152580,63257,31959,81,363
636,MOVE,129998,361908,56246,32023,98,363
637,INSERT,206940,255018,52553,32160,84,370
638,REMOVE,120530,149084,77930,32087,80,363
639,MOVE,215573,348540,87200,32141,98,363
640,INSERT,147870,350861,49433,32268,84,370
641,REMOVE,128656,148180,45597,32195,81,363
642,MOVE,129162,384237,87153,32265,98,363
643,INSERT,191116,431150,77625,32392,84,370
644,REMOVE,2268805,197544,78037,32319,81,363
645,MOVE,126729,407928,81965,32373,98,363
646,INSERT,131719,263779,56347,32510,84,370
647,REMOVE,145596,155679,58505,32437,81,363
648,MOVE,130972,357542,83320,32507,98,363
649,INSERT,141238,247854,43063,32644,84,370
650,REMOVE,120201,104632,60563,32571,81,363
651,MOVE,136040,358910,98708,32647,103,363
652,INSERT,131979,402353,63810,32774,84,370
653,REMOVE,123998,139830,106390,32701,81,363
654,MOVE,156496,308361,84299,32771,98,363
655,INSERT,158923,338603,48111,32898,84,370
656,REMOVE,120260,95063,40558,32825,81,363
657,MOVE,118480,356834,79186,32879,98,363
658,INSERT,135290,392179,54060,33006,84,370
659,REMOVE,124946,139480,16921,32933,80,363
660,MOVE,132070,257250,81474,32997,98,363
661,INSERT,132141,478621,59544,33124,84,370
662,REMOVE,125973,106719,43067,33051,80,363
663,MOVE,123285,310233,72651,33105,98,363
664,INSERT,176712,352727,86203,33232,84,370
665,REMOVE,254838,204194,93909,33159,81,363
666,MOVE,205403,425950,136909,33213,98,363
667,INSERT,142058,334825,58559,33350,84,370
668,REMOVE,128484,97108,43460,33277,81,363
669,MOVE,123417,364362,92095,33331,98,363
670,INSERT,147864,268767,44030,33468,84,370
671,REMOVE,123176,94261,41126,33395,80,363
672,MOVE,123319,328346,82055,33449,98,363
673,INSERT,139566,272874,55806,33586,84,370
674,REMOVE,148845,132477,128855,33513,80,363
675,MOVE,152215,350073,82354,33567,98,363
676,INSERT,138040,392882,59965,33694,84,370
677,REMOVE,157761,158179,17029,33621,80,363
678,MOVE,123514,270475,104356,33685,98,363
679,INSERT,143318,371456,57001,33812,84,370
680,REMOVE,135004,104408,57467,33739,80,363
681,MOVE,125227,283760,120467,33809,98,363
682,INSERT,168825,259941,50300,33946,84,370
683,REMOVE,130384,101977,41573,33873,80,363
684,MOVE,127768,324260,79171,33927,98,363
685,INSERT,140060,416987,57510,34054,84,370
686,REMOVE,133300,181774,57202,33981,80,363
687,MOVE,132442,328344,96336,34035,98,363
688,INSERT,24878,429058,70004,34168,90,370
689,REMOVE,146927,104566,45430,34095,81,363
690,MOVE,128360,334956,81841,34159,98,363
691,INSERT,143850,345211,46362,34286,84,370
692,REMOVE,148560,164655,41688,34213,81,363
693,MOVE,135184,197470,78377,34293,98,363
694,INSERT,142592,378100,46955,34420,84,370
695,REMOVE,128197,111200,42933,34347,80,363
696,MOVE,250036,447496,86750,34401,98,363
697,INSERT,166486,341155,60679,34528,84,370
698,REMOVE,135917,132111,115856,34455,81,363
699,MOVE,258964,234796,150398,34535,98,363
700,INSERT,151301,261078,44547,34672,84,370
701,REMOVE,13979,174379,59268,34599,81,363
702,MOVE,154067,501568,67783,34663,97,363
703,INSERT,140408,343120,45301,34790,84,370
704,REMOVE,159131,100842,72208,34717,81,363
705,MOVE,159623,303180,145132,34781,98,363
706,INSERT,215235,467152,70236,34908,84,370
707,REMOVE,140839,142308,63240,34835,81,363
708,MOVE,143245,481280,89513,34889,98,363
709,INSERT,136510,256184,49893,35026,84,370
710,REMOVE,159071,102468,64052,34953,81,363
711,MOVE,142238,308587,68237,35017,97,363
712,INSERT,132356,309797,43382,35144,84,370
713,REMOVE,170779,156699,52470,35071,81,363
714,MOVE,132995,506412,97475,35125,98,363
715,INSERT,159388,355079,64491,35252,84,370
716,REMOVE,173548,106563,62037,35179,81,363
717,MOVE,144478,350650,69400,35233,98,363
718,INSERT,133662,399322,238227,35360,84,370
719,REMOVE,306130,183683,64850,35287,81,363
720,MOVE,134993,291324,94063,35367,98,363
721,INSERT,170735,254563,43715,35504,84,370
722,REMOVE,129066,92874,40443,35431,80,363
723,MOVE,132249,286732,62452,35495,98,363
724,INSERT,132784,323221,108005,35632,84,370
725,REMOVE,218059,178275,73363,35559,81,363
726,MOVE,176311,290468,92485,35639,98,363
727,INSERT,158043,330240,64415,35776,84,370
728,REMOVE,139802,145813,43645,35703,80,363
729,MOVE,269453,316499,85277,35767,98,363
730,INSERT,148067,263342,63501,35904,84,370
731,REMOVE,156865,105348,62513,35831,81,363
732,MOVE,147709,387816,97287,35885,98,363
733,INSERT,174041,277450,43157,36022,84,370
734,REMOVE,132563,95006,89537,35949,81,363
735,MOVE,157268,369332,89280,36003,98,363
736,INSERT,190008,419980,57303,36130,84,370
737,REMOVE,204571,142885,61241,36057,81,363
738,MOVE,147399,307839,68148,36121,97,363
739,INSERT,145237,446074,78870,36248,84,370
740,REMOVE,210763,111808,91055,36175,81,363
741,MOVE,193670,327602,78365,36245,98,363
742,INSERT,147751,276347,84751,36382,84,370
743,REMOVE,173308,115623,77212,36309,80,363
744,MOVE,164323,438763,87163,36373,98,363
745,INSERT,226730,381496,102069,36500,84,370
746,REMOVE,212011,129269,53115,36427,80,363
747,MOVE,222383,241497,82370,36507,97,363
748,INSERT,151145,282501,60655,36644,84,370
749,REMOVE,155022,116302,77201,36571,81,363
750,MOVE,194719,453221,84094,36625,97,363
751,INSERT,160606,345867,68795,36752,84,370
752,REMOVE,153845,106789,68921,36679,81,363
753,MOVE,161432,333802,84446,36749,98,363
754,INSERT,153058,267991,43849,36886,84,370
755,REMOVE,140040,158144,63158,36813,81,363
756,MOVE,165515,373191,79558,36877,98,363
757,INSERT,143696,334573,85986,37004,84,370
758,REMOVE,162605,178285,76375,36931,81,363
759,MOVE,165580,360208,68543,36985,97,363
760,INSERT,171430,395025,68630,37112,84,370
761,REMOVE,188262,204326,60754,37039,81,363
762,MOVE,237819,378400,93578,37093,97,363
763,INSERT,20140,433091,49162,37226,90,370
764,REMOVE,211471,219699,94832,37153,81,363
765,MOVE,177381,509871,85043,37207,98,363
766,INSERT,146576,333716,42651,37334,84,370
767,REMOVE,139534,129251,57959,37261,81,363
768,MOVE,148444,450370,85238,37315,98,363
769,INSERT,232607,358427,56214,37442,84,370
770,REMOVE,166129,155297,60822,37369,81,363
771,MOVE,236006,221174,133510,37449,98,363
772,INSERT,148737,264107,45033,37586,84,370
773,REMOVE,138297,121052,40931,37513,81,363
774,MOVE,241387,566663,91308,37567,98,363
775,INSERT,152522,399612,52413,37694,84,370
776,REMOVE,140318,119234,63433,37621,81,363
777,MOVE,213959,462223,83134,37675,98,363
778,INSERT,147278,262836,43932,37812,84,370
779,REMOVE,194035,105917,43381,37739,81,363
780,MOVE,295652,348021,143036,37809,97,363
781,INSERT,197551,388719,54465,37936,84,370
782,REMOVE,156534,108126,45387,37863,81,363
783,MOVE,139613,289783,73000,37927,98,363
784,INSERT,163212,270202,60434,38064,84,370
785,REMOVE,153078,167461,64308,37991,81,363
786,MOVE,193613,368890,135489,38045,98,363
787,INSERT,212434,524136,116221,38172,84,370
788,REMOVE,153759,107411,42988,38099,80,363
789,MOVE,157604,351281,80735,38153,98,363
790,INSERT,229258,418962,59378,38280,84,370
791,REMOVE,143357,97675,40811,38207,81,363
792,MOVE,138141,395573,181572,38271,98,363
793,INSERT,330367,366487,58438,38408,84,370
794,REMOVE,168302,107194,43559,38335,81,363
795,MOVE,138516,297062,64729,38399,98,363
796,INSERT,144674,422230,75284,38526,84,370
797,REMOVE,176548,199658,63958,38453,81,363
798,MOVE,189352,220179,119181,38533,98,363
799,INSERT,186569,303011,94855,38670,84,370
800,REMOVE,180734,178356,74508,38597,80,363
801,MOVE,20051,433897,119726,38651,97,363
802,INSERT,168645,536478,62664,38778,84,370
803,REMOVE,174347,155809,54011,38705,81,363
804,MOVE,312312,392591,84030,38775,98,363
805,INSERT,15673,483523,99700,38908,90,370
806,REMOVE,180516,113755,58969,38835,81,363
807,MOVE,146193,317387,67008,38899,98,363
808,INSERT,155732,337710,44846,39026,84,370
809,REMOVE,359442,202626,74049,38953,81,363
810,MOVE,175867,692121,164467,39007,98,363
811,INSERT,184822,454520,60887,39134,84,370
812,REMOVE,148234,240115,57232,39061,81,363
813,MOVE,187314,406756,85926,39125,98,363
814,INSERT,173080,393183,59601,39262,84,370
815,REMOVE,147380,132820,81238,39189,81,363
816,MOVE,217772,383479,101475,39259,98,363
817,INSERT,348299,384639,56267,39386,84,370
818,REMOVE,143998,117593,43899,39313,80,363
819,MOVE,217668,566424,89831,39383,97,363
820,INSERT,160075,534535,73202,39510,84,370
821,REMOVE,2165947,130481,67013,39437,81,363
822,MOVE,146689,449679,107683,39497,103,363
823,INSERT,176191,512592,86232,39634,84,370
824,REMOVE,157359,108747,120887,39561,81,363
825,MOVE,211072,397226,81606,39625,98,363
826,INSERT,156818,344380,569668,39752,84,370
827,REMOVE,157406,138372,51514,39679,80,363
828,MOVE,144666,315367,71404,39749,98,363
829,INSERT,150623,293979,43067,39886,84,370
830,REMOVE,149311,103453,112539,39813,81,363
831,MOVE,331887,549024,90754,39867,98,363
832,INSERT,158180,413474,50841,39994,84,370
833,REMOVE,197591,274102,65564,39921,81,363
834,MOVE,254645,238897,76162,40001,97,363
835,INSERT,155999,272609,40486,40138,84,370
836,REMOVE,226483,107635,48170,40065,80,363
837,MOVE,144741,362001,63825,40119,98,363
838,INSERT,145802,333405,42488,40246,84,370
839,REMOVE,143236,113579,40531,40173,81,363
840,MOVE,156400,328051,61117,40227,98,363
841,INSERT,147939,274028,43037,40364,84,370
842,REMOVE,349047,132741,57522,40291,80,363
843,MOVE,187900,380734,69773,40361,98,363
844,INSERT,148426,340417,56643,40488,84,370
845,REMOVE,191900,107886,46915,40415,81,363
846,MOVE,144393,297056,61855,40479,97,363
847,INSERT,146463,335300,40803,40606,84,370
848,REMOVE,147876,94661,38374,40533,81,363
849,MOVE,154321,287396,60603,40603,97,363
850,INSERT,190675,364520,78013,40740,84,370
851,REMOVE,171977,106946,50554,40667,81,363
852,MOVE,156210,318489,65499,40731,98,363
853,INSERT,152926,355152,67856,40858,84,370
854,REMOVE,186471,139671,47118,40785,81,363
855,MOVE,147997,354163,62749,40839,98,363
856,INSERT,148660,272122,98176,40976,84,370
857,REMOVE,177432,142852,46598,40903,81,363
858,MOVE,157434,365485,62669,40957,98,363
859,INSERT,149797,335343,46001,41084,84,370
860,REMOVE,255781,125648,63427,41011,81,363
861,MOVE,159319,374093,65503,41065,98,363
862,INSERT,151998,339634,41873,41192,84,370
863,REMOVE,161320,104685,50501,41119,81,363
864,MOVE,154458,356651,71475,41183,98,363
865,INSERT,158613,292283,43804,41320,84,370
866,REMOVE,185382,151781,65402,41247,81,363
867,MOVE,190794,343399,77254,41311,98,363
868,INSERT,155043,351269,52217,41438,84,370
869,REMOVE,192076,163801,116903,41365,81,363
870,MOVE,195482,341749,77206,41435,98,363
871,INSERT,498636,295213,53388,41572,84,370
872,REMOVE,163360,152996,51965,41499,81,363
873,MOVE,150433,363507,62491,41553,98,363
874,INSERT,150675,280630,39677,41690,84,370
875,REMOVE,150083,2026787,76320,41617,80,363
876,MOVE,216295,251448,67113,41697,98,363
877,INSERT,152947,279749,43020,41834,84,370
878,REMOVE,203763,148326,51121,41761,81,363
879,MOVE,148041,374385,60901,41815,98,363
880,INSERT,174935,396603,56195,41942,84,370
881,REMOVE,160213,101451,41660,41869,81,363
882,MOVE,152134,361742,63477,41923,98,363
883,INSERT,153373,279072,39750,42060,84,370
884,REMOVE,164725,95199,40003,41987,81,363
885,MOVE,150171,340403,61186,42041,98,363
886,INSERT,151900,349165,41292,42168,84,370
887,REMOVE,148663,111210,71011,42095,81,363
888,MOVE,190791,555909,138150,42149,98,363
889,INSERT,311715,665250,81657,42276,84,370
890,REMOVE,272672,108048,44858,42203,81,363
891,MOVE,168789,322818,69669,42267,97,363
892,INSERT,297346,738305,64356,42394,84,370
893,REMOVE,178572,120789,56147,42321,81,363
894,MOVE,170038,395049,67962,42375,97,363
895,INSERT,162394,299035,39629,42512,84,370
896,REMOVE,160133,100143,39089,42439,81,363
897,MOVE,158264,307975,73284,42503,98,363
898,INSERT,241721,382335,49189,42630,84,370
899,REMOVE,155229,97367,41054,42557,81,363
900,MOVE,152700,224730,57993,42637,98,363
901,INSERT,12456,353783,43507,42764,84,370
902,REMOVE,176810,98449,41672,42691,81,363
903,MOVE,153696,334133,60604,42755,98,363
904,INSERT,152614,281548,125537,42892,84,370
905,REMOVE,183118,118786,49535,42819,81,363
906,MOVE,156586,373610,61109,42873,98,363
907,INSERT,168247,348381,40763,43000,84,370
908,REMOVE,152486,103040,38798,42927,80,363
909,MOVE,151393,226493,99091,43007,98,363
910,INSERT,230918,480091,54326,43134,84,370
911,REMOVE,166957,247689,61174,43061,81,363
912,MOVE,171402,341419,76751,43131,97,363
913,INSERT,164441,294136,38165,43268,84,370
914,REMOVE,151041,114816,37518,43195,81,363
915,MOVE,167434,317134,60085,43259,98,363
916,INSERT,156530,345192,38894,43386,84,370
917,REMOVE,153481,102635,89723,43313,81,363
918,MOVE,222401,485525,88362,43367,98,363
919,INSERT,196287,339838,48143,43504,84,370
920,REMOVE,198175,113607,46710,43431,81,363
921,MOVE,190159,326028,92389,43495,97,363
922,INSERT,181277,314394,42436,43632,84,370
923,REMOVE,158169,106087,109709,43559,81,363
924,MOVE,207955,442525,75937,43613,97,363
925,INSERT,174767,317066,44343,43750,84,370
926,REMOVE,165505,110419,103660,43677,81,363
927,MOVE,300467,525560,1956086,43753,103,363
928,INSERT,240266,328846,55291,43890,84,370
929,REMOVE,154338,97243,39002,43817,81,363
930,MOVE,153196,329472,59170,43887,98,363
931,INSERT,154636,345718,39692,44014,84,370
932,REMOVE,168582,95829,38730,43941,81,363
933,MOVE,152576,343769,58979,43995,98,363
934,INSERT,387639,410886,56797,44122,84,370
935,REMOVE,161076,99310,39818,44049,81,363
936,MOVE,167163,301339,59376,44113,98,363
937,INSERT,158267,352177,39904,44240,84,370
938,REMOVE,154940,94608,38062,44167,80,363
939,MOVE,156266,290387,57194,44231,98,363
940,INSERT,169487,354240,54210,44358,84,370
941,REMOVE,165453,119700,42088,44285,81,363
942,MOVE,195751,555935,93173,44339,98,363
943,INSERT,261700,535493,63259,44466,84,370
944,REMOVE,327851,172188,113559,44393,81,363
945,MOVE,207605,481302,127663,44447,98,363
946,INSERT,347197,651547,87776,44574,84,370
947,REMOVE,445477,209209,29095,44501,80,363
948,MOVE,357084,251893,84216,44581,98,363
949,INSERT,266097,435384,74938,44725,85,370
950,REMOVE,211765,183386,69397,44652,82,363
951,MOVE,263414,366377,109889,44718,99,363
952,INSERT,264263,539765,62969,44852,85,370
953,REMOVE,258343,257258,71609,44779,82,363
954,MOVE,366652,479664,72583,44835,99,363
955,INSERT,369709,504967,69283,44969,85,370
956,REMOVE,294898,178343,143529,44896,82,363
957,MOVE,281076,349579,82281,44962,99,363
958,INSERT,274799,773460,119632,45106,85,370
959,REMOVE,218044,159777,73725,45033,81,363
960,MOVE,311253,548691,93150,45099,99,363
961,INSERT,230142,583900,66729,45233,85,370
962,REMOVE,185880,242729,74977,45160,82,363
963,MOVE,270329,402310,69518,45216,99,363
964,INSERT,166822,434266,105031,45360,85,370
965,REMOVE,181631,109998,19142,45287,81,363
966,MOVE,199623,614237,114445,45343,98,363
967,INSERT,190169,383678,68260,45487,85,370
968,REMOVE,248157,123903,58365,45414,82,363
969,MOVE,210450,429228,82455,45470,100,363
970,INSERT,190237,391614,43335,45604,85,370
971,REMOVE,167566,100043,38746,45526,83,363
972,MOVE,223370,409879,112275,45588,105,363
973,INSERT,354214,524974,64945,45722,85,370
974,REMOVE,186910,203039,59529,45649,81,363
975,MOVE,240590,375416,80848,45717,100,363
976,INSERT,181004,459061,65248,45851,85,370
977,REMOVE,176438,109433,38990,45778,82,363
978,MOVE,196175,436220,123626,45834,99,363
979,INSERT,2393690,556202,115976,45968,85,370
980,REMOVE,195785,149835,48043,45895,82,363
981,MOVE,164609,343628,86508,45967,99,363
982,INSERT,288873,425212,57112,46101,85,370
983,REMOVE,179272,121024,40360,46028,82,363
984,MOVE,161259,365458,81242,46084,100,363
985,INSERT,186490,441690,56814,46228,85,370
986,REMOVE,171647,145345,40479,46155,82,363
987,MOVE,190825,632444,99322,46211,99,363
988,INSERT,202215,409306,43428,46345,85,370
989,REMOVE,269267,131465,55957,46272,82,363
990,MOVE,288787,411062,73733,46327,99,363
991,INSERT,181226,309530,63038,46473,86,370
992,REMOVE,179550,170907,67409,46395,83,363
993,MOVE,182258,401259,118583,46457,104,363
994,INSERT,335205,416039,67225,46603,86,370
995,REMOVE,200718,137443,41475,46530,82,363
996,MOVE,235858,388810,101370,46604,100,363
997,INSERT,191062,332026,99772,46750,86,370
998,REMOVE,211083,206195,66299,46672,83,363
999,MOVE,189311,353448,61760,46740,100,363
1000,INSERT,166854,435358,59851,46886,86,370
1001,REMOVE,22577,117523,73091,46812,82,363
1002,MOVE,200210,449612,79892,46886,100,363
